loss,mse,val_loss,val_mse
1.0661479234695435,1.0661479234695435,0.5161596536636353,0.5161596536636353
1.0371428728103638,1.0371428728103638,0.505408763885498,0.505408763885498
1.0177981853485107,1.0177981853485107,0.4930539131164551,0.4930539131164551
1.000217318534851,1.000217318534851,0.4826327860355377,0.4826327860355377
0.9872393012046814,0.9872393012046814,0.47111958265304565,0.47111958265304565
0.9613742828369141,0.9613742828369141,0.462978720664978,0.462978720664978
0.9450194835662842,0.9450194835662842,0.4530043601989746,0.4530043601989746
0.9355403184890747,0.9355403184890747,0.45068663358688354,0.45068663358688354
0.9286648035049438,0.9286648035049438,0.44380587339401245,0.44380587339401245
0.9207886457443237,0.9207886457443237,0.4399748146533966,0.4399748146533966
0.9110890626907349,0.9110890626907349,0.43734264373779297,0.43734264373779297
0.9075252413749695,0.9075252413749695,0.43419018387794495,0.43419018387794495
0.9043731689453125,0.9043731689453125,0.434297651052475,0.434297651052475
0.9037005305290222,0.9037005305290222,0.43197470903396606,0.43197470903396606
0.9052795767784119,0.9052795767784119,0.4309723675251007,0.4309723675251007
0.9002874493598938,0.9002874493598938,0.4296756088733673,0.4296756088733673
0.8945784568786621,0.8945784568786621,0.42862486839294434,0.42862486839294434
0.8962557911872864,0.8962557911872864,0.4292106628417969,0.4292106628417969
0.8933815956115723,0.8933815956115723,0.428227037191391,0.428227037191391
0.8960018754005432,0.8960018754005432,0.4283098876476288,0.4283098876476288
0.8923758864402771,0.8923758864402771,0.42661747336387634,0.42661747336387634
0.8962787985801697,0.8962787985801697,0.4279489815235138,0.4279489815235138
0.8902735114097595,0.8902735114097595,0.42719364166259766,0.42719364166259766
0.8933377861976624,0.8933377861976624,0.427213579416275,0.427213579416275
0.8887718915939331,0.8887718915939331,0.4252105951309204,0.4252105951309204
0.8914899826049805,0.8914899826049805,0.4263880252838135,0.4263880252838135
0.8833064436912537,0.8833064436912537,0.42609772086143494,0.42609772086143494
0.8914836645126343,0.8914836645126343,0.42502936720848083,0.42502936720848083
0.8875132203102112,0.8875132203102112,0.425578773021698,0.425578773021698
0.8848224878311157,0.8848224878311157,0.42497608065605164,0.42497608065605164
0.8856359720230103,0.8856359720230103,0.4248344600200653,0.4248344600200653
0.8895551562309265,0.8895551562309265,0.42450159788131714,0.42450159788131714
0.8887218832969666,0.8887218832969666,0.4234844148159027,0.4234844148159027
0.8837435245513916,0.8837435245513916,0.42504796385765076,0.42504796385765076
0.8775924444198608,0.8775924444198608,0.42472878098487854,0.42472878098487854
0.8806753158569336,0.8806753158569336,0.4248329997062683,0.4248329997062683
0.8830132484436035,0.8830132484436035,0.42409151792526245,0.42409151792526245
0.8810197710990906,0.8810197710990906,0.42502397298812866,0.42502397298812866
0.8745782375335693,0.8745782375335693,0.4228943884372711,0.4228943884372711
0.8821054100990295,0.8821054100990295,0.42311742901802063,0.42311742901802063
0.8787637948989868,0.8787637948989868,0.4252055287361145,0.4252055287361145
0.8799965977668762,0.8799965977668762,0.423870325088501,0.423870325088501
0.873030960559845,0.873030960559845,0.42366668581962585,0.42366668581962585
0.8818418979644775,0.8818418979644775,0.42270326614379883,0.42270326614379883
0.8800381422042847,0.8800381422042847,0.4242936372756958,0.4242936372756958
0.874925971031189,0.874925971031189,0.422556608915329,0.422556608915329
0.8730875849723816,0.8730875849723816,0.4244873821735382,0.4244873821735382
0.8767957091331482,0.8767957091331482,0.42191269993782043,0.42191269993782043
0.8724566698074341,0.8724566698074341,0.423292875289917,0.423292875289917
0.8718176484107971,0.8718176484107971,0.42188072204589844,0.42188072204589844
0.8693768382072449,0.8693768382072449,0.42360758781433105,0.42360758781433105
0.8710238933563232,0.8710238933563232,0.42310288548469543,0.42310288548469543
0.8698351383209229,0.8698351383209229,0.4223085641860962,0.4223085641860962
0.8643619418144226,0.8643619418144226,0.42337295413017273,0.42337295413017273
0.8631885647773743,0.8631885647773743,0.4216262102127075,0.4216262102127075
0.8640524744987488,0.8640524744987488,0.4238244295120239,0.4238244295120239
0.8668649792671204,0.8668649792671204,0.42271900177001953,0.42271900177001953
0.86640465259552,0.86640465259552,0.4209006130695343,0.4209006130695343
0.8609468340873718,0.8609468340873718,0.4219759404659271,0.4219759404659271
0.8658798336982727,0.8658798336982727,0.4238784909248352,0.4238784909248352
0.8611056804656982,0.8611056804656982,0.42154958844184875,0.42154958844184875
0.8649435639381409,0.8649435639381409,0.42144685983657837,0.42144685983657837
0.8591334819793701,0.8591334819793701,0.4216190576553345,0.4216190576553345
0.860548734664917,0.860548734664917,0.4259384870529175,0.4259384870529175
0.8583452105522156,0.8583452105522156,0.4216984212398529,0.4216984212398529
0.8609402775764465,0.8609402775764465,0.4228658974170685,0.4228658974170685
0.8545993566513062,0.8545993566513062,0.423031747341156,0.423031747341156
0.8552510738372803,0.8552510738372803,0.42225098609924316,0.42225098609924316
0.8548396825790405,0.8548396825790405,0.42267733812332153,0.42267733812332153
0.8518002033233643,0.8518002033233643,0.4224165081977844,0.4224165081977844
0.8531376123428345,0.8531376123428345,0.42257609963417053,0.42257609963417053
0.8582540154457092,0.8582540154457092,0.4232223629951477,0.4232223629951477
0.8490922451019287,0.8490922451019287,0.4224162995815277,0.4224162995815277
0.8524664640426636,0.8524664640426636,0.42367246747016907,0.42367246747016907
0.8506955504417419,0.8506955504417419,0.421274334192276,0.421274334192276
0.847153902053833,0.847153902053833,0.4212101399898529,0.4212101399898529
0.8470960855484009,0.8470960855484009,0.4222310483455658,0.4222310483455658
0.8455895781517029,0.8455895781517029,0.42282432317733765,0.42282432317733765
0.8473058342933655,0.8473058342933655,0.4213186204433441,0.4213186204433441
0.8483993411064148,0.8483993411064148,0.42074817419052124,0.42074817419052124
0.8425353765487671,0.8425353765487671,0.4244513511657715,0.4244513511657715
0.8440724015235901,0.8440724015235901,0.4236583411693573,0.4236583411693573
0.8410424590110779,0.8410424590110779,0.4224582314491272,0.4224582314491272
0.8401832580566406,0.8401832580566406,0.42278483510017395,0.42278483510017395
0.8360317945480347,0.8360317945480347,0.4226803481578827,0.4226803481578827
0.840806245803833,0.840806245803833,0.4217618703842163,0.4217618703842163
0.8359907269477844,0.8359907269477844,0.4222365915775299,0.4222365915775299
0.8350766897201538,0.8350766897201538,0.4229685664176941,0.4229685664176941
0.8362359404563904,0.8362359404563904,0.4210570752620697,0.4210570752620697
0.8328229784965515,0.8328229784965515,0.4260040819644928,0.4260040819644928
0.8366805911064148,0.8366805911064148,0.4256688952445984,0.4256688952445984
0.8325412273406982,0.8325412273406982,0.4236864745616913,0.4236864745616913
0.8363887667655945,0.8363887667655945,0.4232180714607239,0.4232180714607239
0.837800145149231,0.837800145149231,0.42378827929496765,0.42378827929496765
0.8300238251686096,0.8300238251686096,0.4245324432849884,0.4245324432849884
0.8270645141601562,0.8270645141601562,0.4261230528354645,0.4261230528354645
0.8308027386665344,0.8308027386665344,0.4240081012248993,0.4240081012248993
0.8239049315452576,0.8239049315452576,0.42248860001564026,0.42248860001564026
0.8235008716583252,0.8235008716583252,0.42179250717163086,0.42179250717163086
0.8285838961601257,0.8285838961601257,0.4262848198413849,0.4262848198413849
0.8298137784004211,0.8298137784004211,0.4242965281009674,0.4242965281009674
0.8265146017074585,0.8265146017074585,0.4241850972175598,0.4241850972175598
0.8256369233131409,0.8256369233131409,0.4232025444507599,0.4232025444507599
0.8264718055725098,0.8264718055725098,0.423594206571579,0.423594206571579
0.8279429078102112,0.8279429078102112,0.4244513511657715,0.4244513511657715
0.821770966053009,0.821770966053009,0.4251158833503723,0.4251158833503723
0.8176229000091553,0.8176229000091553,0.42674246430397034,0.42674246430397034
0.8206310868263245,0.8206310868263245,0.42585018277168274,0.42585018277168274
0.8211262226104736,0.8211262226104736,0.4252817928791046,0.4252817928791046
0.8197328448295593,0.8197328448295593,0.4253264367580414,0.4253264367580414
0.8178354501724243,0.8178354501724243,0.4287787675857544,0.4287787675857544
0.8170560002326965,0.8170560002326965,0.4248160123825073,0.4248160123825073
0.814699113368988,0.814699113368988,0.4262242913246155,0.4262242913246155
0.8159021139144897,0.8159021139144897,0.4274750053882599,0.4274750053882599
0.8144410848617554,0.8144410848617554,0.424554705619812,0.424554705619812
0.8181593418121338,0.8181593418121338,0.42779672145843506,0.42779672145843506
0.8118804693222046,0.8118804693222046,0.42852455377578735,0.42852455377578735
0.8119269609451294,0.8119269609451294,0.42865607142448425,0.42865607142448425
0.8162253499031067,0.8162253499031067,0.4272003471851349,0.4272003471851349
0.8102535009384155,0.8102535009384155,0.4282290041446686,0.4282290041446686
0.8128594160079956,0.8128594160079956,0.4275393784046173,0.4275393784046173
0.8063837289810181,0.8063837289810181,0.42754971981048584,0.42754971981048584
0.8076971173286438,0.8076971173286438,0.4283938705921173,0.4283938705921173
0.8105028867721558,0.8105028867721558,0.42639678716659546,0.42639678716659546
0.8045872449874878,0.8045872449874878,0.4315471649169922,0.4315471649169922
0.8083045482635498,0.8083045482635498,0.4268445074558258,0.4268445074558258
0.8010300397872925,0.8010300397872925,0.42774733901023865,0.42774733901023865
0.7999066710472107,0.7999066710472107,0.4268490970134735,0.4268490970134735
0.8024542927742004,0.8024542927742004,0.42778676748275757,0.42778676748275757
0.8015637993812561,0.8015637993812561,0.42779165506362915,0.42779165506362915
0.8003832697868347,0.8003832697868347,0.4286904036998749,0.4286904036998749
0.7998283505439758,0.7998283505439758,0.42901375889778137,0.42901375889778137
0.795642614364624,0.795642614364624,0.42840951681137085,0.42840951681137085
0.8025519847869873,0.8025519847869873,0.4304340183734894,0.4304340183734894
0.7977133989334106,0.7977133989334106,0.42971327900886536,0.42971327900886536
0.7943543791770935,0.7943543791770935,0.429966002702713,0.429966002702713
0.7984921932220459,0.7984921932220459,0.43184372782707214,0.43184372782707214
0.7966924905776978,0.7966924905776978,0.43700745701789856,0.43700745701789856
0.7988396883010864,0.7988396883010864,0.43179458379745483,0.43179458379745483
0.7922772765159607,0.7922772765159607,0.4295274317264557,0.4295274317264557
0.7914388179779053,0.7914388179779053,0.43473565578460693,0.43473565578460693
0.791013240814209,0.791013240814209,0.4317733943462372,0.4317733943462372
0.7956176400184631,0.7956176400184631,0.4305850863456726,0.4305850863456726
0.7904855012893677,0.7904855012893677,0.4291192889213562,0.4291192889213562
0.7872247695922852,0.7872247695922852,0.4323439598083496,0.4323439598083496
0.7856361269950867,0.7856361269950867,0.43299511075019836,0.43299511075019836
0.7884021401405334,0.7884021401405334,0.42973005771636963,0.42973005771636963
0.7868239283561707,0.7868239283561707,0.4336588680744171,0.4336588680744171
0.7839080691337585,0.7839080691337585,0.4301457107067108,0.4301457107067108
0.789924681186676,0.789924681186676,0.42918652296066284,0.42918652296066284
0.781175971031189,0.781175971031189,0.43500444293022156,0.43500444293022156
0.784541666507721,0.784541666507721,0.4328646957874298,0.4328646957874298
0.7805237770080566,0.7805237770080566,0.43151700496673584,0.43151700496673584
0.786845862865448,0.786845862865448,0.43382713198661804,0.43382713198661804
0.777891993522644,0.777891993522644,0.4337628483772278,0.4337628483772278
0.7799729704856873,0.7799729704856873,0.43263137340545654,0.43263137340545654
0.7810817956924438,0.7810817956924438,0.43359375,0.43359375
0.7826039791107178,0.7826039791107178,0.43340373039245605,0.43340373039245605
0.7814957499504089,0.7814957499504089,0.43403321504592896,0.43403321504592896
0.7844566106796265,0.7844566106796265,0.4302578270435333,0.4302578270435333
0.7816417813301086,0.7816417813301086,0.43219420313835144,0.43219420313835144
0.7705758810043335,0.7705758810043335,0.4324032664299011,0.4324032664299011
0.7741155624389648,0.7741155624389648,0.43408334255218506,0.43408334255218506
0.7750326991081238,0.7750326991081238,0.43481749296188354,0.43481749296188354
0.7783998250961304,0.7783998250961304,0.43439561128616333,0.43439561128616333
0.7711377143859863,0.7711377143859863,0.4310203790664673,0.4310203790664673
0.7747798562049866,0.7747798562049866,0.436607301235199,0.436607301235199
0.7706853747367859,0.7706853747367859,0.43001770973205566,0.43001770973205566
0.7703869342803955,0.7703869342803955,0.4320724904537201,0.4320724904537201
0.7736379504203796,0.7736379504203796,0.43500953912734985,0.43500953912734985
0.7676618099212646,0.7676618099212646,0.4307056665420532,0.4307056665420532
0.7710579633712769,0.7710579633712769,0.4338080585002899,0.4338080585002899
0.7708287239074707,0.7708287239074707,0.432854562997818,0.432854562997818
0.76783686876297,0.76783686876297,0.4354819059371948,0.4354819059371948
0.7722428441047668,0.7722428441047668,0.43527060747146606,0.43527060747146606
0.7714840769767761,0.7714840769767761,0.4343153238296509,0.4343153238296509
0.7715062499046326,0.7715062499046326,0.4346688687801361,0.4346688687801361
0.770606517791748,0.770606517791748,0.4337986707687378,0.4337986707687378
0.7650660872459412,0.7650660872459412,0.4331096410751343,0.4331096410751343
0.769131064414978,0.769131064414978,0.43375882506370544,0.43375882506370544
0.7722962498664856,0.7722962498664856,0.43557485938072205,0.43557485938072205
0.7695427536964417,0.7695427536964417,0.43543174862861633,0.43543174862861633
0.7680287957191467,0.7680287957191467,0.4351060390472412,0.4351060390472412
0.7720452547073364,0.7720452547073364,0.43958786129951477,0.43958786129951477
0.7642053961753845,0.7642053961753845,0.4349216818809509,0.4349216818809509
0.762948751449585,0.762948751449585,0.43514135479927063,0.43514135479927063
0.769234836101532,0.769234836101532,0.43510526418685913,0.43510526418685913
0.7632386684417725,0.7632386684417725,0.4350781738758087,0.4350781738758087
0.7623739242553711,0.7623739242553711,0.43807175755500793,0.43807175755500793
0.7616468071937561,0.7616468071937561,0.43247297406196594,0.43247297406196594
0.7645581960678101,0.7645581960678101,0.43333691358566284,0.43333691358566284
0.7543327808380127,0.7543327808380127,0.43516239523887634,0.43516239523887634
0.7608075737953186,0.7608075737953186,0.4395295977592468,0.4395295977592468
0.7597818970680237,0.7597818970680237,0.43738555908203125,0.43738555908203125
0.7588312029838562,0.7588312029838562,0.435834676027298,0.435834676027298
0.7552193403244019,0.7552193403244019,0.436423122882843,0.436423122882843
0.7586799263954163,0.7586799263954163,0.4338795840740204,0.4338795840740204
0.7599315643310547,0.7599315643310547,0.4373895525932312,0.4373895525932312
0.7542473673820496,0.7542473673820496,0.4335422217845917,0.4335422217845917
0.7529268264770508,0.7529268264770508,0.4381098747253418,0.4381098747253418
0.7519991993904114,0.7519991993904114,0.43835341930389404,0.43835341930389404
0.7554970383644104,0.7554970383644104,0.4361855983734131,0.4361855983734131
0.7515774369239807,0.7515774369239807,0.43525996804237366,0.43525996804237366
0.7507275342941284,0.7507275342941284,0.44181206822395325,0.44181206822395325
0.752370297908783,0.752370297908783,0.43755224347114563,0.43755224347114563
0.7486291527748108,0.7486291527748108,0.4336795508861542,0.4336795508861542
0.7512864470481873,0.7512864470481873,0.4379064440727234,0.4379064440727234
0.7531306147575378,0.7531306147575378,0.43509840965270996,0.43509840965270996
0.7477877140045166,0.7477877140045166,0.43387889862060547,0.43387889862060547
0.7490671277046204,0.7490671277046204,0.4388705790042877,0.4388705790042877
0.7497362494468689,0.7497362494468689,0.4430335760116577,0.4430335760116577
0.7464917898178101,0.7464917898178101,0.43938004970550537,0.43938004970550537
0.7455977201461792,0.7455977201461792,0.43415912985801697,0.43415912985801697
0.7459090352058411,0.7459090352058411,0.435437947511673,0.435437947511673
0.7499395608901978,0.7499395608901978,0.4362616240978241,0.4362616240978241
0.7421150803565979,0.7421150803565979,0.43731755018234253,0.43731755018234253
0.7503820657730103,0.7503820657730103,0.4383310377597809,0.4383310377597809
0.7434945106506348,0.7434945106506348,0.4388072192668915,0.4388072192668915
0.7468873858451843,0.7468873858451843,0.43854275345802307,0.43854275345802307
0.7481694221496582,0.7481694221496582,0.4338756799697876,0.4338756799697876
0.7431014180183411,0.7431014180183411,0.4429135322570801,0.4429135322570801
0.7390292286872864,0.7390292286872864,0.43885213136672974,0.43885213136672974
0.7454566955566406,0.7454566955566406,0.43818041682243347,0.43818041682243347
0.739859402179718,0.739859402179718,0.4382142424583435,0.4382142424583435
0.7416712641716003,0.7416712641716003,0.4396894574165344,0.4396894574165344
0.7412887811660767,0.7412887811660767,0.4387672245502472,0.4387672245502472
0.7371116280555725,0.7371116280555725,0.4363488554954529,0.4363488554954529
0.7430794835090637,0.7430794835090637,0.4359589219093323,0.4359589219093323
0.7404082417488098,0.7404082417488098,0.4399208724498749,0.4399208724498749
0.7391312718391418,0.7391312718391418,0.4399152994155884,0.4399152994155884
0.7361546158790588,0.7361546158790588,0.4373041093349457,0.4373041093349457
0.7317297458648682,0.7317297458648682,0.43719416856765747,0.43719416856765747
0.7381939888000488,0.7381939888000488,0.44680753350257874,0.44680753350257874
0.7421018481254578,0.7421018481254578,0.43859726190567017,0.43859726190567017
0.7400994300842285,0.7400994300842285,0.4375656545162201,0.4375656545162201
0.7308773994445801,0.7308773994445801,0.44163018465042114,0.44163018465042114
0.7348780035972595,0.7348780035972595,0.43900778889656067,0.43900778889656067
0.7275716662406921,0.7275716662406921,0.4351930022239685,0.4351930022239685
0.7300367951393127,0.7300367951393127,0.4402390718460083,0.4402390718460083
0.7315342426300049,0.7315342426300049,0.43948817253112793,0.43948817253112793
0.735869824886322,0.735869824886322,0.4403616487979889,0.4403616487979889
0.7351357936859131,0.7351357936859131,0.4401237368583679,0.4401237368583679
0.737243115901947,0.737243115901947,0.4399833083152771,0.4399833083152771
0.7321397662162781,0.7321397662162781,0.43783673644065857,0.43783673644065857
0.7333216071128845,0.7333216071128845,0.43991756439208984,0.43991756439208984
0.7290504574775696,0.7290504574775696,0.4379473924636841,0.4379473924636841
0.7306744456291199,0.7306744456291199,0.43455129861831665,0.43455129861831665
0.7320750951766968,0.7320750951766968,0.4378984868526459,0.4378984868526459
0.7347643375396729,0.7347643375396729,0.4366239607334137,0.4366239607334137
0.7304412126541138,0.7304412126541138,0.4396415054798126,0.4396415054798126
0.7307514548301697,0.7307514548301697,0.4441777169704437,0.4441777169704437
0.7234005331993103,0.7234005331993103,0.44081929326057434,0.44081929326057434
0.7254988551139832,0.7254988551139832,0.44225525856018066,0.44225525856018066
0.7303091287612915,0.7303091287612915,0.43741923570632935,0.43741923570632935
0.7264585494995117,0.7264585494995117,0.4440949261188507,0.4440949261188507
0.7346183061599731,0.7346183061599731,0.441134512424469,0.441134512424469
0.7242475152015686,0.7242475152015686,0.4408906400203705,0.4408906400203705
0.7256284356117249,0.7256284356117249,0.44076433777809143,0.44076433777809143
0.7305731773376465,0.7305731773376465,0.4363113343715668,0.4363113343715668
0.7294275760650635,0.7294275760650635,0.44114601612091064,0.44114601612091064
0.7301257848739624,0.7301257848739624,0.44171300530433655,0.44171300530433655
0.7267451286315918,0.7267451286315918,0.4426213800907135,0.4426213800907135
0.727286696434021,0.727286696434021,0.43572092056274414,0.43572092056274414
0.7234185934066772,0.7234185934066772,0.4453960359096527,0.4453960359096527
0.725712239742279,0.725712239742279,0.44343361258506775,0.44343361258506775
0.7193455696105957,0.7193455696105957,0.44056907296180725,0.44056907296180725
0.7217735052108765,0.7217735052108765,0.4416804313659668,0.4416804313659668
0.7207017540931702,0.7207017540931702,0.4395027160644531,0.4395027160644531
0.7253193855285645,0.7253193855285645,0.43860530853271484,0.43860530853271484
0.718498706817627,0.718498706817627,0.44457754492759705,0.44457754492759705
0.723268449306488,0.723268449306488,0.43653810024261475,0.43653810024261475
0.7256788015365601,0.7256788015365601,0.4372882843017578,0.4372882843017578
0.7268927693367004,0.7268927693367004,0.4458456337451935,0.4458456337451935
0.719337522983551,0.719337522983551,0.4392198324203491,0.4392198324203491
0.7190690636634827,0.7190690636634827,0.43864819407463074,0.43864819407463074
0.7202835083007812,0.7202835083007812,0.4373968541622162,0.4373968541622162
0.7235276699066162,0.7235276699066162,0.4414615035057068,0.4414615035057068
0.7166476249694824,0.7166476249694824,0.43979018926620483,0.43979018926620483
0.7166954874992371,0.7166954874992371,0.44575297832489014,0.44575297832489014
0.7195981740951538,0.7195981740951538,0.43530112504959106,0.43530112504959106
0.7204933166503906,0.7204933166503906,0.44383513927459717,0.44383513927459717
0.7207210063934326,0.7207210063934326,0.4429539442062378,0.4429539442062378
0.7204661965370178,0.7204661965370178,0.44455695152282715,0.44455695152282715
0.7178390622138977,0.7178390622138977,0.44191858172416687,0.44191858172416687
0.7204717993736267,0.7204717993736267,0.4424341022968292,0.4424341022968292
0.7142811417579651,0.7142811417579651,0.4432937800884247,0.4432937800884247
0.7172366380691528,0.7172366380691528,0.4376920163631439,0.4376920163631439
0.7153655290603638,0.7153655290603638,0.4406432807445526,0.4406432807445526
0.7187439203262329,0.7187439203262329,0.4469090402126312,0.4469090402126312
0.718583345413208,0.718583345413208,0.44659900665283203,0.44659900665283203
0.7156484723091125,0.7156484723091125,0.44187143445014954,0.44187143445014954
0.7145154476165771,0.7145154476165771,0.4398290514945984,0.4398290514945984
0.7164115905761719,0.7164115905761719,0.44576993584632874,0.44576993584632874
0.7135725617408752,0.7135725617408752,0.4509134292602539,0.4509134292602539
0.7175489068031311,0.7175489068031311,0.43862420320510864,0.43862420320510864
0.712972104549408,0.712972104549408,0.4387366771697998,0.4387366771697998
0.7066784501075745,0.7066784501075745,0.4421950578689575,0.4421950578689575
0.713205099105835,0.713205099105835,0.4440067708492279,0.4440067708492279
0.7082628607749939,0.7082628607749939,0.44179457426071167,0.44179457426071167
0.7149246335029602,0.7149246335029602,0.4392252564430237,0.4392252564430237
0.7152302861213684,0.7152302861213684,0.43752431869506836,0.43752431869506836
0.7077623009681702,0.7077623009681702,0.4451506733894348,0.4451506733894348
0.7096586227416992,0.7096586227416992,0.4438111186027527,0.4438111186027527
0.7144178152084351,0.7144178152084351,0.44307273626327515,0.44307273626327515
0.7122111320495605,0.7122111320495605,0.44118696451187134,0.44118696451187134
0.7099572420120239,0.7099572420120239,0.4384356439113617,0.4384356439113617
0.7058507204055786,0.7058507204055786,0.43934014439582825,0.43934014439582825
0.7053177952766418,0.7053177952766418,0.44100871682167053,0.44100871682167053
0.7089712023735046,0.7089712023735046,0.4473585784435272,0.4473585784435272
0.7138147950172424,0.7138147950172424,0.44340991973876953,0.44340991973876953
0.7038105130195618,0.7038105130195618,0.4451178014278412,0.4451178014278412
0.702494740486145,0.702494740486145,0.44359129667282104,0.44359129667282104
0.707101583480835,0.707101583480835,0.44352084398269653,0.44352084398269653
0.7070119380950928,0.7070119380950928,0.44488298892974854,0.44488298892974854
0.7061637043952942,0.7061637043952942,0.4449964165687561,0.4449964165687561
0.7089439034461975,0.7089439034461975,0.4431111812591553,0.4431111812591553
0.7044262290000916,0.7044262290000916,0.4380688965320587,0.4380688965320587
0.7037832736968994,0.7037832736968994,0.44018131494522095,0.44018131494522095
0.7054595947265625,0.7054595947265625,0.4394186735153198,0.4394186735153198
0.711807131767273,0.711807131767273,0.44592633843421936,0.44592633843421936
0.7160088419914246,0.7160088419914246,0.4381284713745117,0.4381284713745117
0.7023199200630188,0.7023199200630188,0.43934670090675354,0.43934670090675354
0.7046602964401245,0.7046602964401245,0.4370044767856598,0.4370044767856598
0.7120584845542908,0.7120584845542908,0.44518670439720154,0.44518670439720154
0.7073696851730347,0.7073696851730347,0.44874632358551025,0.44874632358551025
0.7025391459465027,0.7025391459465027,0.44125640392303467,0.44125640392303467
0.7080284357070923,0.7080284357070923,0.4436725974082947,0.4436725974082947
0.704861581325531,0.704861581325531,0.44673144817352295,0.44673144817352295
0.7050701379776001,0.7050701379776001,0.4418163597583771,0.4418163597583771
0.7054349780082703,0.7054349780082703,0.43610793352127075,0.43610793352127075
0.7030878067016602,0.7030878067016602,0.4422836899757385,0.4422836899757385
0.7033670544624329,0.7033670544624329,0.44379881024360657,0.44379881024360657
0.7024046182632446,0.7024046182632446,0.43822914361953735,0.43822914361953735
0.7028289437294006,0.7028289437294006,0.4425258934497833,0.4425258934497833
0.7021003365516663,0.7021003365516663,0.4401318430900574,0.4401318430900574
0.7006875872612,0.7006875872612,0.440873384475708,0.440873384475708
0.7062925100326538,0.7062925100326538,0.44323137402534485,0.44323137402534485
0.7057044506072998,0.7057044506072998,0.4426092505455017,0.4426092505455017
0.7005575895309448,0.7005575895309448,0.4545774757862091,0.4545774757862091
0.7072290182113647,0.7072290182113647,0.44739100337028503,0.44739100337028503
0.7016094326972961,0.7016094326972961,0.4511183500289917,0.4511183500289917
0.6975840926170349,0.6975840926170349,0.4412309229373932,0.4412309229373932
0.701280415058136,0.701280415058136,0.44397538900375366,0.44397538900375366
0.7033343315124512,0.7033343315124512,0.4439980983734131,0.4439980983734131
0.7050358653068542,0.7050358653068542,0.4449155330657959,0.4449155330657959
0.6995198726654053,0.6995198726654053,0.44611185789108276,0.44611185789108276
0.7004274129867554,0.7004274129867554,0.4417749047279358,0.4417749047279358
0.6999897360801697,0.6999897360801697,0.4445631206035614,0.4445631206035614
0.6973226070404053,0.6973226070404053,0.44381073117256165,0.44381073117256165
0.6996671557426453,0.6996671557426453,0.44598206877708435,0.44598206877708435
0.6856086850166321,0.6856086850166321,0.4436096251010895,0.4436096251010895
0.7006902098655701,0.7006902098655701,0.44628196954727173,0.44628196954727173
0.6993748545646667,0.6993748545646667,0.44448599219322205,0.44448599219322205
0.6976984143257141,0.6976984143257141,0.4430089592933655,0.4430089592933655
0.6995046138763428,0.6995046138763428,0.44532090425491333,0.44532090425491333
0.7050095796585083,0.7050095796585083,0.4415145218372345,0.4415145218372345
0.6951730847358704,0.6951730847358704,0.44789379835128784,0.44789379835128784
0.6949886083602905,0.6949886083602905,0.44180142879486084,0.44180142879486084
0.6949816942214966,0.6949816942214966,0.446043461561203,0.446043461561203
0.691195011138916,0.691195011138916,0.4432334005832672,0.4432334005832672
0.6877325177192688,0.6877325177192688,0.4419001340866089,0.4419001340866089
0.6956531405448914,0.6956531405448914,0.44157275557518005,0.44157275557518005
0.6924396753311157,0.6924396753311157,0.44340282678604126,0.44340282678604126
0.6994838118553162,0.6994838118553162,0.44272682070732117,0.44272682070732117
0.6935281753540039,0.6935281753540039,0.44274258613586426,0.44274258613586426
0.6937314867973328,0.6937314867973328,0.44799530506134033,0.44799530506134033
0.6904404163360596,0.6904404163360596,0.44551023840904236,0.44551023840904236
0.69380122423172,0.69380122423172,0.44175323843955994,0.44175323843955994
0.7001623511314392,0.7001623511314392,0.44589316844940186,0.44589316844940186
0.6889041066169739,0.6889041066169739,0.4554530680179596,0.4554530680179596
0.6947756409645081,0.6947756409645081,0.45316562056541443,0.45316562056541443
0.6973902583122253,0.6973902583122253,0.4452325403690338,0.4452325403690338
0.6941388845443726,0.6941388845443726,0.44820213317871094,0.44820213317871094
0.6903168559074402,0.6903168559074402,0.444900780916214,0.444900780916214
0.6890929341316223,0.6890929341316223,0.4406338036060333,0.4406338036060333
0.6878214478492737,0.6878214478492737,0.4420851469039917,0.4420851469039917
0.6881074905395508,0.6881074905395508,0.4458869397640228,0.4458869397640228
0.6893033385276794,0.6893033385276794,0.44241341948509216,0.44241341948509216
0.6925712823867798,0.6925712823867798,0.44585612416267395,0.44585612416267395
0.6919582486152649,0.6919582486152649,0.44577687978744507,0.44577687978744507
0.6904579997062683,0.6904579997062683,0.44470399618148804,0.44470399618148804
0.6930602788925171,0.6930602788925171,0.4480399191379547,0.4480399191379547
0.6882883906364441,0.6882883906364441,0.4491587281227112,0.4491587281227112
0.6863334774971008,0.6863334774971008,0.44079726934432983,0.44079726934432983
0.6902311444282532,0.6902311444282532,0.44394218921661377,0.44394218921661377
0.6887698769569397,0.6887698769569397,0.4494667053222656,0.4494667053222656
0.6903936862945557,0.6903936862945557,0.4427221715450287,0.4427221715450287
0.689922571182251,0.689922571182251,0.44610658288002014,0.44610658288002014
0.6904127597808838,0.6904127597808838,0.4469873905181885,0.4469873905181885
0.6852217316627502,0.6852217316627502,0.44679197669029236,0.44679197669029236
0.6912410259246826,0.6912410259246826,0.4432341456413269,0.4432341456413269
0.6900860071182251,0.6900860071182251,0.44317296147346497,0.44317296147346497
0.6905644536018372,0.6905644536018372,0.45278382301330566,0.45278382301330566
0.6890058517456055,0.6890058517456055,0.4542897343635559,0.4542897343635559
0.6846720576286316,0.6846720576286316,0.44529691338539124,0.44529691338539124
0.6926584839820862,0.6926584839820862,0.44445621967315674,0.44445621967315674
0.6934020519256592,0.6934020519256592,0.44360899925231934,0.44360899925231934
0.6835956573486328,0.6835956573486328,0.44434815645217896,0.44434815645217896
0.6858443021774292,0.6858443021774292,0.44587236642837524,0.44587236642837524
0.6837103366851807,0.6837103366851807,0.44494467973709106,0.44494467973709106
0.6860785484313965,0.6860785484313965,0.44869211316108704,0.44869211316108704
0.6860648989677429,0.6860648989677429,0.4459303915500641,0.4459303915500641
0.6814464330673218,0.6814464330673218,0.44563573598861694,0.44563573598861694
0.6881882548332214,0.6881882548332214,0.4477385878562927,0.4477385878562927
0.6872864365577698,0.6872864365577698,0.444576233625412,0.444576233625412
0.6851722002029419,0.6851722002029419,0.44559401273727417,0.44559401273727417
0.6847752332687378,0.6847752332687378,0.4463596045970917,0.4463596045970917
0.6818726062774658,0.6818726062774658,0.4441629648208618,0.4441629648208618
0.6881394386291504,0.6881394386291504,0.44833022356033325,0.44833022356033325
0.7091073989868164,0.7091073989868164,0.4451994299888611,0.4451994299888611
0.6879020929336548,0.6879020929336548,0.4481857419013977,0.4481857419013977
0.6916448473930359,0.6916448473930359,0.447388231754303,0.447388231754303
0.6842169165611267,0.6842169165611267,0.44645658135414124,0.44645658135414124
0.6844831109046936,0.6844831109046936,0.4434213936328888,0.4434213936328888
0.6806465983390808,0.6806465983390808,0.4500338137149811,0.4500338137149811
0.6818315386772156,0.6818315386772156,0.44695448875427246,0.44695448875427246
0.6798455119132996,0.6798455119132996,0.4465756416320801,0.4465756416320801
0.6836491227149963,0.6836491227149963,0.4449314475059509,0.4449314475059509
0.686992883682251,0.686992883682251,0.45631304383277893,0.45631304383277893
0.6940408945083618,0.6940408945083618,0.4474473297595978,0.4474473297595978
0.6940255761146545,0.6940255761146545,0.4440528452396393,0.4440528452396393
0.6813282370567322,0.6813282370567322,0.45053571462631226,0.45053571462631226
0.682147741317749,0.682147741317749,0.4471716582775116,0.4471716582775116
0.6850762963294983,0.6850762963294983,0.4480646252632141,0.4480646252632141
0.6837112903594971,0.6837112903594971,0.44825607538223267,0.44825607538223267
0.6827796101570129,0.6827796101570129,0.4488798975944519,0.4488798975944519
0.6786413192749023,0.6786413192749023,0.45114055275917053,0.45114055275917053
0.6847806572914124,0.6847806572914124,0.4488984942436218,0.4488984942436218
0.6786537766456604,0.6786537766456604,0.4507932960987091,0.4507932960987091
0.686937153339386,0.686937153339386,0.4471534788608551,0.4471534788608551
0.6850981712341309,0.6850981712341309,0.448068231344223,0.448068231344223
0.6745401620864868,0.6745401620864868,0.44727256894111633,0.44727256894111633
0.6839399933815002,0.6839399933815002,0.4508011043071747,0.4508011043071747
0.6826993823051453,0.6826993823051453,0.4480888545513153,0.4480888545513153
0.6818166971206665,0.6818166971206665,0.45110416412353516,0.45110416412353516
0.6805858016014099,0.6805858016014099,0.45041200518608093,0.45041200518608093
0.6810051798820496,0.6810051798820496,0.44609543681144714,0.44609543681144714
0.6817759275436401,0.6817759275436401,0.4445812702178955,0.4445812702178955
0.6821044087409973,0.6821044087409973,0.44852691888809204,0.44852691888809204
0.6834416389465332,0.6834416389465332,0.4488625228404999,0.4488625228404999
0.6809150576591492,0.6809150576591492,0.44621768593788147,0.44621768593788147
0.673601508140564,0.673601508140564,0.44644981622695923,0.44644981622695923
0.6795710325241089,0.6795710325241089,0.45142439007759094,0.45142439007759094
0.6831765174865723,0.6831765174865723,0.4528157114982605,0.4528157114982605
0.6814006567001343,0.6814006567001343,0.4544544816017151,0.4544544816017151
0.6890293955802917,0.6890293955802917,0.44812607765197754,0.44812607765197754
0.6821665167808533,0.6821665167808533,0.4446842074394226,0.4446842074394226
0.6760518550872803,0.6760518550872803,0.44951146841049194,0.44951146841049194
0.6822046637535095,0.6822046637535095,0.44391074776649475,0.44391074776649475
0.6795951128005981,0.6795951128005981,0.4521438777446747,0.4521438777446747
0.6804447174072266,0.6804447174072266,0.4477124810218811,0.4477124810218811
0.6778847575187683,0.6778847575187683,0.4556918442249298,0.4556918442249298
0.676430881023407,0.676430881023407,0.4452016353607178,0.4452016353607178
0.67141193151474,0.67141193151474,0.4485069811344147,0.4485069811344147
0.6864344477653503,0.6864344477653503,0.4479866325855255,0.4479866325855255
0.6745402216911316,0.6745402216911316,0.449301153421402,0.449301153421402
0.6778876781463623,0.6778876781463623,0.44420334696769714,0.44420334696769714
0.6815747618675232,0.6815747618675232,0.4489612877368927,0.4489612877368927
0.677443265914917,0.677443265914917,0.45225828886032104,0.45225828886032104
0.6756782531738281,0.6756782531738281,0.44898295402526855,0.44898295402526855
0.6754425168037415,0.6754425168037415,0.4488143026828766,0.4488143026828766
0.6775495409965515,0.6775495409965515,0.4463975727558136,0.4463975727558136
0.6743568778038025,0.6743568778038025,0.4477430582046509,0.4477430582046509
0.6756793260574341,0.6756793260574341,0.45777571201324463,0.45777571201324463
0.6882342100143433,0.6882342100143433,0.45103418827056885,0.45103418827056885
0.6766567826271057,0.6766567826271057,0.450154185295105,0.450154185295105
0.6756106019020081,0.6756106019020081,0.44700559973716736,0.44700559973716736
0.6700600981712341,0.6700600981712341,0.44965073466300964,0.44965073466300964
0.6713314056396484,0.6713314056396484,0.4531801640987396,0.4531801640987396
0.6801396608352661,0.6801396608352661,0.4568150043487549,0.4568150043487549
0.6802884340286255,0.6802884340286255,0.45049893856048584,0.45049893856048584
0.6729052662849426,0.6729052662849426,0.44861486554145813,0.44861486554145813
0.6783258318901062,0.6783258318901062,0.4502708315849304,0.4502708315849304
0.6789870858192444,0.6789870858192444,0.44635629653930664,0.44635629653930664
0.6694431304931641,0.6694431304931641,0.455590158700943,0.455590158700943
0.6744097471237183,0.6744097471237183,0.4515417516231537,0.4515417516231537
0.6672312021255493,0.6672312021255493,0.4501369595527649,0.4501369595527649
0.6918524503707886,0.6918524503707886,0.45052218437194824,0.45052218437194824
0.6764986515045166,0.6764986515045166,0.4524359703063965,0.4524359703063965
0.6704553961753845,0.6704553961753845,0.45164698362350464,0.45164698362350464
0.6723229289054871,0.6723229289054871,0.45042312145233154,0.45042312145233154
0.6683104634284973,0.6683104634284973,0.4482446312904358,0.4482446312904358
0.6761330962181091,0.6761330962181091,0.44848498702049255,0.44848498702049255
0.6756406426429749,0.6756406426429749,0.4498192071914673,0.4498192071914673
0.6787407398223877,0.6787407398223877,0.4463329315185547,0.4463329315185547
0.6655138731002808,0.6655138731002808,0.4542448818683624,0.4542448818683624
0.6684821844100952,0.6684821844100952,0.45011916756629944,0.45011916756629944
0.6677711606025696,0.6677711606025696,0.4620245695114136,0.4620245695114136
0.6686107516288757,0.6686107516288757,0.4458372890949249,0.4458372890949249
0.6747346520423889,0.6747346520423889,0.4492400288581848,0.4492400288581848
0.669805109500885,0.669805109500885,0.44992271065711975,0.44992271065711975
0.674637496471405,0.674637496471405,0.45035234093666077,0.45035234093666077
0.6793817281723022,0.6793817281723022,0.4540543854236603,0.4540543854236603
0.671981692314148,0.671981692314148,0.44712167978286743,0.44712167978286743
0.6677381992340088,0.6677381992340088,0.45145806670188904,0.45145806670188904
0.6691271066665649,0.6691271066665649,0.4530697762966156,0.4530697762966156
0.6712099313735962,0.6712099313735962,0.4582822024822235,0.4582822024822235
0.673504650592804,0.673504650592804,0.44971323013305664,0.44971323013305664
0.667504072189331,0.667504072189331,0.45286527276039124,0.45286527276039124
0.6692147254943848,0.6692147254943848,0.4465438425540924,0.4465438425540924
0.6712387800216675,0.6712387800216675,0.45102357864379883,0.45102357864379883
0.6662963032722473,0.6662963032722473,0.4476395547389984,0.4476395547389984
0.6722018122673035,0.6722018122673035,0.4442218840122223,0.4442218840122223
0.6668456196784973,0.6668456196784973,0.44907045364379883,0.44907045364379883
0.6649446487426758,0.6649446487426758,0.45066148042678833,0.45066148042678833
0.6745335459709167,0.6745335459709167,0.448159784078598,0.448159784078598
0.6682104468345642,0.6682104468345642,0.4545351266860962,0.4545351266860962
0.6775936484336853,0.6775936484336853,0.4500022232532501,0.4500022232532501
0.6676302552223206,0.6676302552223206,0.45197853446006775,0.45197853446006775
0.6656556725502014,0.6656556725502014,0.4538199007511139,0.4538199007511139
0.6632941365242004,0.6632941365242004,0.4504079520702362,0.4504079520702362
0.6685184836387634,0.6685184836387634,0.45329856872558594,0.45329856872558594
0.6724483370780945,0.6724483370780945,0.4542984962463379,0.4542984962463379
0.6665180325508118,0.6665180325508118,0.4531153738498688,0.4531153738498688
0.6674498915672302,0.6674498915672302,0.4507344365119934,0.4507344365119934
0.6683863401412964,0.6683863401412964,0.45744022727012634,0.45744022727012634
0.6683881282806396,0.6683881282806396,0.4529030919075012,0.4529030919075012
0.6639570593833923,0.6639570593833923,0.4574039876461029,0.4574039876461029
0.6633399128913879,0.6633399128913879,0.45185133814811707,0.45185133814811707
0.6661852598190308,0.6661852598190308,0.453391432762146,0.453391432762146
0.6636544466018677,0.6636544466018677,0.44996535778045654,0.44996535778045654
0.6691868305206299,0.6691868305206299,0.45180830359458923,0.45180830359458923
0.673237144947052,0.673237144947052,0.45034852623939514,0.45034852623939514
0.6652094125747681,0.6652094125747681,0.44994479417800903,0.44994479417800903
0.665997326374054,0.665997326374054,0.45037996768951416,0.45037996768951416
0.6637141108512878,0.6637141108512878,0.45306020975112915,0.45306020975112915
0.6653162240982056,0.6653162240982056,0.45156461000442505,0.45156461000442505
0.6648213267326355,0.6648213267326355,0.4515780210494995,0.4515780210494995
0.6668741703033447,0.6668741703033447,0.4497651159763336,0.4497651159763336
0.6625081300735474,0.6625081300735474,0.4568718671798706,0.4568718671798706
0.6622567772865295,0.6622567772865295,0.4459092617034912,0.4459092617034912
0.6628392934799194,0.6628392934799194,0.44960150122642517,0.44960150122642517
0.6657142043113708,0.6657142043113708,0.45243924856185913,0.45243924856185913
0.6674840450286865,0.6674840450286865,0.4505936801433563,0.4505936801433563
0.6606974601745605,0.6606974601745605,0.4533701241016388,0.4533701241016388
0.6641714572906494,0.6641714572906494,0.4512890875339508,0.4512890875339508
0.6688835024833679,0.6688835024833679,0.45071086287498474,0.45071086287498474
0.6547817587852478,0.6547817587852478,0.45281127095222473,0.45281127095222473
0.6623075008392334,0.6623075008392334,0.45380547642707825,0.45380547642707825
0.6670589447021484,0.6670589447021484,0.4507739245891571,0.4507739245891571
0.6615000367164612,0.6615000367164612,0.4463137090206146,0.4463137090206146
0.6719233989715576,0.6719233989715576,0.45125874876976013,0.45125874876976013
0.667437732219696,0.667437732219696,0.44805580377578735,0.44805580377578735
0.6611472964286804,0.6611472964286804,0.4530581831932068,0.4530581831932068
0.6609084606170654,0.6609084606170654,0.45838648080825806,0.45838648080825806
0.6693086624145508,0.6693086624145508,0.4563114047050476,0.4563114047050476
0.6625486612319946,0.6625486612319946,0.4488964378833771,0.4488964378833771
0.6678603291511536,0.6678603291511536,0.44927141070365906,0.44927141070365906
0.6559001803398132,0.6559001803398132,0.44837987422943115,0.44837987422943115
0.6588129997253418,0.6588129997253418,0.45090630650520325,0.45090630650520325
0.6638878583908081,0.6638878583908081,0.4484325647354126,0.4484325647354126
0.6684838533401489,0.6684838533401489,0.45430195331573486,0.45430195331573486
0.6616317629814148,0.6616317629814148,0.44989150762557983,0.44989150762557983
0.658528208732605,0.658528208732605,0.4475792348384857,0.4475792348384857
0.6594253182411194,0.6594253182411194,0.44940701127052307,0.44940701127052307
0.6621002554893494,0.6621002554893494,0.45779284834861755,0.45779284834861755
0.6653033494949341,0.6653033494949341,0.45270591974258423,0.45270591974258423
0.658515989780426,0.658515989780426,0.4509609043598175,0.4509609043598175
0.6661898493766785,0.6661898493766785,0.45352816581726074,0.45352816581726074
0.6644330024719238,0.6644330024719238,0.45711880922317505,0.45711880922317505
0.6623488068580627,0.6623488068580627,0.45437517762184143,0.45437517762184143
0.6639156937599182,0.6639156937599182,0.4532145857810974,0.4532145857810974
0.6653516292572021,0.6653516292572021,0.45536231994628906,0.45536231994628906
0.6551964282989502,0.6551964282989502,0.45711126923561096,0.45711126923561096
0.6625717878341675,0.6625717878341675,0.451045423746109,0.451045423746109
0.6661077737808228,0.6661077737808228,0.44841524958610535,0.44841524958610535
0.6645310521125793,0.6645310521125793,0.4546148180961609,0.4546148180961609
0.6621077656745911,0.6621077656745911,0.45100805163383484,0.45100805163383484
0.6586046814918518,0.6586046814918518,0.45418572425842285,0.45418572425842285
0.656637966632843,0.656637966632843,0.4523165225982666,0.4523165225982666
0.6586490273475647,0.6586490273475647,0.45065683126449585,0.45065683126449585
0.6572813987731934,0.6572813987731934,0.4505642354488373,0.4505642354488373
0.6563013792037964,0.6563013792037964,0.4533863365650177,0.4533863365650177
0.663138210773468,0.663138210773468,0.4494306445121765,0.4494306445121765
0.6625673174858093,0.6625673174858093,0.45755735039711,0.45755735039711
0.6596513390541077,0.6596513390541077,0.4562685191631317,0.4562685191631317
0.665350079536438,0.665350079536438,0.4566831588745117,0.4566831588745117
0.6569704413414001,0.6569704413414001,0.4493216872215271,0.4493216872215271
0.6609745621681213,0.6609745621681213,0.4536963105201721,0.4536963105201721
0.6579617261886597,0.6579617261886597,0.4564962089061737,0.4564962089061737
0.6532784700393677,0.6532784700393677,0.4582064151763916,0.4582064151763916
0.6597246527671814,0.6597246527671814,0.4644402861595154,0.4644402861595154
0.6601482629776001,0.6601482629776001,0.4542666971683502,0.4542666971683502
0.660298764705658,0.660298764705658,0.4538845121860504,0.4538845121860504
0.6533295512199402,0.6533295512199402,0.45423704385757446,0.45423704385757446
0.657250165939331,0.657250165939331,0.45731687545776367,0.45731687545776367
0.6611781716346741,0.6611781716346741,0.4538024961948395,0.4538024961948395
0.6592990756034851,0.6592990756034851,0.4491851031780243,0.4491851031780243
0.6564371585845947,0.6564371585845947,0.4536706507205963,0.4536706507205963
0.6562865376472473,0.6562865376472473,0.4501444399356842,0.4501444399356842
0.6680263876914978,0.6680263876914978,0.4526348412036896,0.4526348412036896
0.6504831910133362,0.6504831910133362,0.456867516040802,0.456867516040802
0.6520840525627136,0.6520840525627136,0.4539242088794708,0.4539242088794708
0.6608396768569946,0.6608396768569946,0.45224469900131226,0.45224469900131226
0.6627658009529114,0.6627658009529114,0.4530576169490814,0.4530576169490814
0.6630257964134216,0.6630257964134216,0.4547154903411865,0.4547154903411865
0.6665723323822021,0.6665723323822021,0.44722649455070496,0.44722649455070496
0.6556704640388489,0.6556704640388489,0.4499783515930176,0.4499783515930176
0.6551570892333984,0.6551570892333984,0.451816588640213,0.451816588640213
0.6552411317825317,0.6552411317825317,0.45140719413757324,0.45140719413757324
0.6581615805625916,0.6581615805625916,0.4519343078136444,0.4519343078136444
0.6625436544418335,0.6625436544418335,0.4504251182079315,0.4504251182079315
0.658742368221283,0.658742368221283,0.4550882875919342,0.4550882875919342
0.6484329104423523,0.6484329104423523,0.45520859956741333,0.45520859956741333
0.6552367806434631,0.6552367806434631,0.4513053596019745,0.4513053596019745
0.6568633317947388,0.6568633317947388,0.4542764127254486,0.4542764127254486
0.6460644006729126,0.6460644006729126,0.45530954003334045,0.45530954003334045
0.6579231023788452,0.6579231023788452,0.4546768367290497,0.4546768367290497
0.6586052179336548,0.6586052179336548,0.4528956711292267,0.4528956711292267
0.6569254994392395,0.6569254994392395,0.4505918025970459,0.4505918025970459
0.6516910195350647,0.6516910195350647,0.4497911036014557,0.4497911036014557
0.6535407900810242,0.6535407900810242,0.45153218507766724,0.45153218507766724
0.6544927954673767,0.6544927954673767,0.45790910720825195,0.45790910720825195
0.6510581970214844,0.6510581970214844,0.4574255645275116,0.4574255645275116
0.6529862284660339,0.6529862284660339,0.456701397895813,0.456701397895813
0.6541863083839417,0.6541863083839417,0.45214036107063293,0.45214036107063293
0.6541847586631775,0.6541847586631775,0.4516882002353668,0.4516882002353668
0.6610476970672607,0.6610476970672607,0.4528103172779083,0.4528103172779083
0.6558696627616882,0.6558696627616882,0.4581742286682129,0.4581742286682129
0.6578453183174133,0.6578453183174133,0.45542997121810913,0.45542997121810913
0.6460704207420349,0.6460704207420349,0.44833606481552124,0.44833606481552124
0.656849205493927,0.656849205493927,0.45398443937301636,0.45398443937301636
0.6578244566917419,0.6578244566917419,0.45100870728492737,0.45100870728492737
0.6654633283615112,0.6654633283615112,0.44843724370002747,0.44843724370002747
0.6603401899337769,0.6603401899337769,0.44978347420692444,0.44978347420692444
0.6544650197029114,0.6544650197029114,0.4518347680568695,0.4518347680568695
0.6540500521659851,0.6540500521659851,0.4521395266056061,0.4521395266056061
0.6485532522201538,0.6485532522201538,0.4530811011791229,0.4530811011791229
0.6490719318389893,0.6490719318389893,0.4502207636833191,0.4502207636833191
0.6505818367004395,0.6505818367004395,0.4545869827270508,0.4545869827270508
0.6536712050437927,0.6536712050437927,0.45242369174957275,0.45242369174957275
0.652734100818634,0.652734100818634,0.4620853364467621,0.4620853364467621
0.6485063433647156,0.6485063433647156,0.4526483416557312,0.4526483416557312
0.652502179145813,0.652502179145813,0.45233702659606934,0.45233702659606934
0.6543886065483093,0.6543886065483093,0.4504372179508209,0.4504372179508209
0.6505745053291321,0.6505745053291321,0.4506095051765442,0.4506095051765442
0.6487586498260498,0.6487586498260498,0.4543485641479492,0.4543485641479492
0.6434529423713684,0.6434529423713684,0.44438230991363525,0.44438230991363525
0.6539170145988464,0.6539170145988464,0.4561610519886017,0.4561610519886017
0.6520928740501404,0.6520928740501404,0.44929471611976624,0.44929471611976624
0.6552169919013977,0.6552169919013977,0.45363035798072815,0.45363035798072815
0.6543985605239868,0.6543985605239868,0.45017629861831665,0.45017629861831665
0.6534890532493591,0.6534890532493591,0.4523267149925232,0.4523267149925232
0.6532131433486938,0.6532131433486938,0.45834195613861084,0.45834195613861084
0.6582622528076172,0.6582622528076172,0.4528372585773468,0.4528372585773468
0.6519144773483276,0.6519144773483276,0.45574241876602173,0.45574241876602173
0.6476250886917114,0.6476250886917114,0.45360326766967773,0.45360326766967773
0.6480144262313843,0.6480144262313843,0.4519107937812805,0.4519107937812805
0.6492160558700562,0.6492160558700562,0.46080175042152405,0.46080175042152405
0.6484912633895874,0.6484912633895874,0.4571547508239746,0.4571547508239746
0.6587187051773071,0.6587187051773071,0.45232459902763367,0.45232459902763367
0.655526876449585,0.655526876449585,0.4545491635799408,0.4545491635799408
0.6484541296958923,0.6484541296958923,0.4581138491630554,0.4581138491630554
0.6454272270202637,0.6454272270202637,0.45771488547325134,0.45771488547325134
0.6567860841751099,0.6567860841751099,0.4500964283943176,0.4500964283943176
0.6565958857536316,0.6565958857536316,0.45644739270210266,0.45644739270210266
0.6519538760185242,0.6519538760185242,0.4563937485218048,0.4563937485218048
0.6466618776321411,0.6466618776321411,0.45487645268440247,0.45487645268440247
0.649794340133667,0.649794340133667,0.4551057815551758,0.4551057815551758
0.6427997946739197,0.6427997946739197,0.4533764123916626,0.4533764123916626
0.6547613143920898,0.6547613143920898,0.451564222574234,0.451564222574234
0.6530669927597046,0.6530669927597046,0.4525740444660187,0.4525740444660187
0.652812659740448,0.652812659740448,0.45635542273521423,0.45635542273521423
0.652315080165863,0.652315080165863,0.4525808095932007,0.4525808095932007
0.6486535668373108,0.6486535668373108,0.45332106947898865,0.45332106947898865
0.6499563455581665,0.6499563455581665,0.4559074640274048,0.4559074640274048
0.6492924094200134,0.6492924094200134,0.4553327262401581,0.4553327262401581
0.6439464688301086,0.6439464688301086,0.46253320574760437,0.46253320574760437
0.6554197072982788,0.6554197072982788,0.45784443616867065,0.45784443616867065
0.6522040963172913,0.6522040963172913,0.4499368369579315,0.4499368369579315
0.6554911732673645,0.6554911732673645,0.4530237019062042,0.4530237019062042
0.6511070728302002,0.6511070728302002,0.45018187165260315,0.45018187165260315
0.6450567841529846,0.6450567841529846,0.4554652273654938,0.4554652273654938
0.6521817445755005,0.6521817445755005,0.4591565728187561,0.4591565728187561
0.6448533535003662,0.6448533535003662,0.4527731239795685,0.4527731239795685
0.6484095454216003,0.6484095454216003,0.45322832465171814,0.45322832465171814
0.6526263952255249,0.6526263952255249,0.4531899690628052,0.4531899690628052
0.6545919179916382,0.6545919179916382,0.45581015944480896,0.45581015944480896
0.6529020667076111,0.6529020667076111,0.4540107846260071,0.4540107846260071
0.6487345695495605,0.6487345695495605,0.4535413980484009,0.4535413980484009
0.6448450684547424,0.6448450684547424,0.45254257321357727,0.45254257321357727
0.6512107253074646,0.6512107253074646,0.45151564478874207,0.45151564478874207
0.6443043947219849,0.6443043947219849,0.45549923181533813,0.45549923181533813
0.6451382637023926,0.6451382637023926,0.4531655013561249,0.4531655013561249
0.6434096097946167,0.6434096097946167,0.45558005571365356,0.45558005571365356
0.6470659375190735,0.6470659375190735,0.45164594054222107,0.45164594054222107
0.6401100754737854,0.6401100754737854,0.4513366222381592,0.4513366222381592
0.6468490958213806,0.6468490958213806,0.4536406099796295,0.4536406099796295
0.6511312127113342,0.6511312127113342,0.4510703980922699,0.4510703980922699
0.6440708041191101,0.6440708041191101,0.44925805926322937,0.44925805926322937
0.6468767523765564,0.6468767523765564,0.4519510269165039,0.4519510269165039
0.6416402459144592,0.6416402459144592,0.4481959342956543,0.4481959342956543
0.6465082168579102,0.6465082168579102,0.45521149039268494,0.45521149039268494
0.6506440043449402,0.6506440043449402,0.4522441327571869,0.4522441327571869
0.6519404053688049,0.6519404053688049,0.4500634968280792,0.4500634968280792
0.6448754668235779,0.6448754668235779,0.4517345726490021,0.4517345726490021
0.6522818803787231,0.6522818803787231,0.45412617921829224,0.45412617921829224
0.6447559595108032,0.6447559595108032,0.44807881116867065,0.44807881116867065
0.6509687304496765,0.6509687304496765,0.45124995708465576,0.45124995708465576
0.6432839035987854,0.6432839035987854,0.454039067029953,0.454039067029953
0.6452265381813049,0.6452265381813049,0.4570402503013611,0.4570402503013611
0.6541956067085266,0.6541956067085266,0.45168256759643555,0.45168256759643555
0.6454716920852661,0.6454716920852661,0.4553987979888916,0.4553987979888916
0.6500480771064758,0.6500480771064758,0.4528872072696686,0.4528872072696686
0.6466068625450134,0.6466068625450134,0.4523012638092041,0.4523012638092041
0.647723913192749,0.647723913192749,0.4550834000110626,0.4550834000110626
0.6472554206848145,0.6472554206848145,0.45533421635627747,0.45533421635627747
0.6493605375289917,0.6493605375289917,0.4613649845123291,0.4613649845123291
0.6462299227714539,0.6462299227714539,0.4548310935497284,0.4548310935497284
0.6515951752662659,0.6515951752662659,0.44881176948547363,0.44881176948547363
0.6520295739173889,0.6520295739173889,0.45317113399505615,0.45317113399505615
0.6512656807899475,0.6512656807899475,0.4541471600532532,0.4541471600532532
0.6467215418815613,0.6467215418815613,0.45484185218811035,0.45484185218811035
0.6470450758934021,0.6470450758934021,0.4542626440525055,0.4542626440525055
0.6497873067855835,0.6497873067855835,0.4529702365398407,0.4529702365398407
0.643867552280426,0.643867552280426,0.45447593927383423,0.45447593927383423
0.6512095332145691,0.6512095332145691,0.4568400979042053,0.4568400979042053
0.6449763774871826,0.6449763774871826,0.4547816216945648,0.4547816216945648
0.6461501717567444,0.6461501717567444,0.45526665449142456,0.45526665449142456
0.6465067267417908,0.6465067267417908,0.45469632744789124,0.45469632744789124
0.6401817798614502,0.6401817798614502,0.4594220817089081,0.4594220817089081
0.6445855498313904,0.6445855498313904,0.4558735489845276,0.4558735489845276
0.6419960856437683,0.6419960856437683,0.4481288492679596,0.4481288492679596
0.6403987407684326,0.6403987407684326,0.4536123275756836,0.4536123275756836
0.6569327712059021,0.6569327712059021,0.455019474029541,0.455019474029541
0.6472299098968506,0.6472299098968506,0.4581356346607208,0.4581356346607208
0.648494303226471,0.648494303226471,0.4576815068721771,0.4576815068721771
0.6493711471557617,0.6493711471557617,0.4576290249824524,0.4576290249824524
0.6490153074264526,0.6490153074264526,0.4543232321739197,0.4543232321739197
0.6518622636795044,0.6518622636795044,0.45493683218955994,0.45493683218955994
0.6407629251480103,0.6407629251480103,0.4558999836444855,0.4558999836444855
0.6523157358169556,0.6523157358169556,0.4558560252189636,0.4558560252189636
0.6464590430259705,0.6464590430259705,0.4581066071987152,0.4581066071987152
0.6472640037536621,0.6472640037536621,0.454848974943161,0.454848974943161
0.6416232585906982,0.6416232585906982,0.4523192048072815,0.4523192048072815
0.6442976593971252,0.6442976593971252,0.454447865486145,0.454447865486145
0.6442201137542725,0.6442201137542725,0.4538290202617645,0.4538290202617645
0.6406465172767639,0.6406465172767639,0.4606110155582428,0.4606110155582428
0.6476200222969055,0.6476200222969055,0.45008882880210876,0.45008882880210876
0.6459689140319824,0.6459689140319824,0.45433592796325684,0.45433592796325684
0.6449216604232788,0.6449216604232788,0.45349860191345215,0.45349860191345215
0.6433104276657104,0.6433104276657104,0.45352065563201904,0.45352065563201904
0.6460292339324951,0.6460292339324951,0.4612935483455658,0.4612935483455658
0.6533545255661011,0.6533545255661011,0.4533419609069824,0.4533419609069824
0.6391807198524475,0.6391807198524475,0.45664435625076294,0.45664435625076294
0.6489989161491394,0.6489989161491394,0.45451098680496216,0.45451098680496216
0.6485008001327515,0.6485008001327515,0.4505600333213806,0.4505600333213806
0.6453965902328491,0.6453965902328491,0.45340678095817566,0.45340678095817566
0.6428118944168091,0.6428118944168091,0.45343390107154846,0.45343390107154846
0.6398687958717346,0.6398687958717346,0.45565634965896606,0.45565634965896606
0.6470054984092712,0.6470054984092712,0.4527788758277893,0.4527788758277893
0.6393617987632751,0.6393617987632751,0.4547889530658722,0.4547889530658722
0.6435663104057312,0.6435663104057312,0.45888808369636536,0.45888808369636536
0.6429188847541809,0.6429188847541809,0.4552724361419678,0.4552724361419678
0.638740599155426,0.638740599155426,0.453451007604599,0.453451007604599
0.6509921550750732,0.6509921550750732,0.4616111218929291,0.4616111218929291
0.6435746550559998,0.6435746550559998,0.45539605617523193,0.45539605617523193
0.6380870938301086,0.6380870938301086,0.4570309817790985,0.4570309817790985
0.6488714814186096,0.6488714814186096,0.4607521593570709,0.4607521593570709
0.6460622549057007,0.6460622549057007,0.45670825242996216,0.45670825242996216
0.6476178765296936,0.6476178765296936,0.4604109227657318,0.4604109227657318
0.6383710503578186,0.6383710503578186,0.4553900957107544,0.4553900957107544
0.6455767154693604,0.6455767154693604,0.45542702078819275,0.45542702078819275
0.6467222571372986,0.6467222571372986,0.45394808053970337,0.45394808053970337
0.6396084427833557,0.6396084427833557,0.4535541832447052,0.4535541832447052
0.6374115347862244,0.6374115347862244,0.45440250635147095,0.45440250635147095
0.6384546160697937,0.6384546160697937,0.4503967761993408,0.4503967761993408
0.6340125203132629,0.6340125203132629,0.4555010497570038,0.4555010497570038
0.6416090130805969,0.6416090130805969,0.4516162872314453,0.4516162872314453
0.6504153609275818,0.6504153609275818,0.45986372232437134,0.45986372232437134
0.6415136456489563,0.6415136456489563,0.4540533721446991,0.4540533721446991
0.6464046835899353,0.6464046835899353,0.4533618688583374,0.4533618688583374
0.6352434754371643,0.6352434754371643,0.4512820243835449,0.4512820243835449
0.6364225149154663,0.6364225149154663,0.45554855465888977,0.45554855465888977
0.6472787261009216,0.6472787261009216,0.45869767665863037,0.45869767665863037
0.6350176930427551,0.6350176930427551,0.4530416429042816,0.4530416429042816
0.6417263746261597,0.6417263746261597,0.4605361521244049,0.4605361521244049
0.633459210395813,0.633459210395813,0.4555368423461914,0.4555368423461914
0.6336624622344971,0.6336624622344971,0.4567859172821045,0.4567859172821045
0.6410899758338928,0.6410899758338928,0.45313721895217896,0.45313721895217896
0.640699028968811,0.640699028968811,0.455910325050354,0.455910325050354
0.6399401426315308,0.6399401426315308,0.45810872316360474,0.45810872316360474
0.6441185474395752,0.6441185474395752,0.4571262001991272,0.4571262001991272
0.6376800537109375,0.6376800537109375,0.4567081928253174,0.4567081928253174
0.6433404684066772,0.6433404684066772,0.4535273015499115,0.4535273015499115
0.6461515426635742,0.6461515426635742,0.4601899981498718,0.4601899981498718
0.640563428401947,0.640563428401947,0.4527088403701782,0.4527088403701782
0.6469882130622864,0.6469882130622864,0.4526127874851227,0.4526127874851227
0.6438606977462769,0.6438606977462769,0.4574391543865204,0.4574391543865204
0.6467394828796387,0.6467394828796387,0.4542500674724579,0.4542500674724579
0.6398553252220154,0.6398553252220154,0.4557444751262665,0.4557444751262665
0.639206051826477,0.639206051826477,0.45770493149757385,0.45770493149757385
0.6495165228843689,0.6495165228843689,0.45634725689888,0.45634725689888
0.6373794078826904,0.6373794078826904,0.4561784863471985,0.4561784863471985
0.6446703672409058,0.6446703672409058,0.45239102840423584,0.45239102840423584
0.6389024257659912,0.6389024257659912,0.453344464302063,0.453344464302063
0.64999920129776,0.64999920129776,0.45140376687049866,0.45140376687049866
0.6386011242866516,0.6386011242866516,0.4542841911315918,0.4542841911315918
0.6380852460861206,0.6380852460861206,0.4573288857936859,0.4573288857936859
0.6368604898452759,0.6368604898452759,0.4579136073589325,0.4579136073589325
0.6386799812316895,0.6386799812316895,0.46026208996772766,0.46026208996772766
0.6432042121887207,0.6432042121887207,0.4595746099948883,0.4595746099948883
0.6371700763702393,0.6371700763702393,0.4594375789165497,0.4594375789165497
0.6367798447608948,0.6367798447608948,0.45591285824775696,0.45591285824775696
0.634210467338562,0.634210467338562,0.46088775992393494,0.46088775992393494
0.6396358609199524,0.6396358609199524,0.4540274441242218,0.4540274441242218
0.6412726640701294,0.6412726640701294,0.4591365456581116,0.4591365456581116
0.636752188205719,0.636752188205719,0.4556913375854492,0.4556913375854492
0.6375032067298889,0.6375032067298889,0.4538614749908447,0.4538614749908447
0.6389533281326294,0.6389533281326294,0.4610503315925598,0.4610503315925598
0.6631590723991394,0.6631590723991394,0.45397844910621643,0.45397844910621643
0.6500145196914673,0.6500145196914673,0.4584050178527832,0.4584050178527832
0.6422489285469055,0.6422489285469055,0.4531269669532776,0.4531269669532776
0.6338616609573364,0.6338616609573364,0.45466312766075134,0.45466312766075134
0.6392452716827393,0.6392452716827393,0.45331698656082153,0.45331698656082153
0.6371751427650452,0.6371751427650452,0.45841819047927856,0.45841819047927856
0.6336902379989624,0.6336902379989624,0.4580595791339874,0.4580595791339874
0.6358703970909119,0.6358703970909119,0.4529355764389038,0.4529355764389038
0.6362197995185852,0.6362197995185852,0.4548587501049042,0.4548587501049042
0.6383829712867737,0.6383829712867737,0.45373713970184326,0.45373713970184326
0.639616072177887,0.639616072177887,0.4550701677799225,0.4550701677799225
0.6405394077301025,0.6405394077301025,0.45658817887306213,0.45658817887306213
0.6236135363578796,0.6236135363578796,0.4568093419075012,0.4568093419075012
0.6392017006874084,0.6392017006874084,0.4512013792991638,0.4512013792991638
0.6359511017799377,0.6359511017799377,0.4588852524757385,0.4588852524757385
0.6411657333374023,0.6411657333374023,0.4567103683948517,0.4567103683948517
0.643366277217865,0.643366277217865,0.45739203691482544,0.45739203691482544
0.6338728666305542,0.6338728666305542,0.45458149909973145,0.45458149909973145
0.6353901624679565,0.6353901624679565,0.4584597945213318,0.4584597945213318
0.6342766284942627,0.6342766284942627,0.4580437242984772,0.4580437242984772
0.6491345167160034,0.6491345167160034,0.45926159620285034,0.45926159620285034
0.6460660696029663,0.6460660696029663,0.457761287689209,0.457761287689209
0.6387501358985901,0.6387501358985901,0.45393842458724976,0.45393842458724976
0.6336026191711426,0.6336026191711426,0.46018701791763306,0.46018701791763306
0.6412213444709778,0.6412213444709778,0.4544696807861328,0.4544696807861328
0.6349002122879028,0.6349002122879028,0.45814064145088196,0.45814064145088196
0.6363149285316467,0.6363149285316467,0.45571762323379517,0.45571762323379517
0.6477044224739075,0.6477044224739075,0.45467904210090637,0.45467904210090637
0.6381999254226685,0.6381999254226685,0.45426145195961,0.45426145195961
0.6427988409996033,0.6427988409996033,0.45587581396102905,0.45587581396102905
0.6407139301300049,0.6407139301300049,0.45589113235473633,0.45589113235473633
0.6335065960884094,0.6335065960884094,0.45509421825408936,0.45509421825408936
0.6422267556190491,0.6422267556190491,0.4615953266620636,0.4615953266620636
0.6462479829788208,0.6462479829788208,0.4556741416454315,0.4556741416454315
0.6342170238494873,0.6342170238494873,0.4546264111995697,0.4546264111995697
0.6372971534729004,0.6372971534729004,0.45522451400756836,0.45522451400756836
0.6366903185844421,0.6366903185844421,0.459523469209671,0.459523469209671
0.6305055618286133,0.6305055618286133,0.4558504521846771,0.4558504521846771
0.6379784941673279,0.6379784941673279,0.44922110438346863,0.44922110438346863
0.6342207789421082,0.6342207789421082,0.4627267122268677,0.4627267122268677
0.6420878171920776,0.6420878171920776,0.45736968517303467,0.45736968517303467
0.6364898681640625,0.6364898681640625,0.45469504594802856,0.45469504594802856
0.6294184923171997,0.6294184923171997,0.45359331369400024,0.45359331369400024
0.6332010626792908,0.6332010626792908,0.4521649181842804,0.4521649181842804
0.638041615486145,0.638041615486145,0.4599890112876892,0.4599890112876892
0.6439291834831238,0.6439291834831238,0.46272405982017517,0.46272405982017517
0.6450401544570923,0.6450401544570923,0.450135201215744,0.450135201215744
0.6362990736961365,0.6362990736961365,0.4636482894420624,0.4636482894420624
0.6343012452125549,0.6343012452125549,0.45478543639183044,0.45478543639183044
0.6371952891349792,0.6371952891349792,0.45336490869522095,0.45336490869522095
0.6301059126853943,0.6301059126853943,0.4643930494785309,0.4643930494785309
0.6312987208366394,0.6312987208366394,0.45824214816093445,0.45824214816093445
0.6379528045654297,0.6379528045654297,0.4604761004447937,0.4604761004447937
0.6401352882385254,0.6401352882385254,0.4616958796977997,0.4616958796977997
0.6331846117973328,0.6331846117973328,0.4509041905403137,0.4509041905403137
0.6359437108039856,0.6359437108039856,0.4548947811126709,0.4548947811126709
0.6344970464706421,0.6344970464706421,0.45938727259635925,0.45938727259635925
0.6321495175361633,0.6321495175361633,0.4551987051963806,0.4551987051963806
0.6333630681037903,0.6333630681037903,0.45919719338417053,0.45919719338417053
0.6361182928085327,0.6361182928085327,0.4586503505706787,0.4586503505706787
0.6458444595336914,0.6458444595336914,0.45857903361320496,0.45857903361320496
0.6347922682762146,0.6347922682762146,0.460642009973526,0.460642009973526
0.6385208964347839,0.6385208964347839,0.46252939105033875,0.46252939105033875
0.632034420967102,0.632034420967102,0.4587407112121582,0.4587407112121582
0.6374092698097229,0.6374092698097229,0.458491712808609,0.458491712808609
0.6406345963478088,0.6406345963478088,0.4618297517299652,0.4618297517299652
0.6401958465576172,0.6401958465576172,0.46055909991264343,0.46055909991264343
0.6327201128005981,0.6327201128005981,0.4553150534629822,0.4553150534629822
0.6329514980316162,0.6329514980316162,0.45621147751808167,0.45621147751808167
0.6290822625160217,0.6290822625160217,0.4609878957271576,0.4609878957271576
0.6339426040649414,0.6339426040649414,0.45992588996887207,0.45992588996887207
0.6377127766609192,0.6377127766609192,0.4573979377746582,0.4573979377746582
0.6313114166259766,0.6313114166259766,0.456198126077652,0.456198126077652
0.643822431564331,0.643822431564331,0.4646415710449219,0.4646415710449219
0.6441960334777832,0.6441960334777832,0.46018603444099426,0.46018603444099426
0.6546404957771301,0.6546404957771301,0.45777520537376404,0.45777520537376404
0.6400687098503113,0.6400687098503113,0.45535513758659363,0.45535513758659363
0.6308302283287048,0.6308302283287048,0.4604054391384125,0.4604054391384125
0.639026939868927,0.639026939868927,0.4537305533885956,0.4537305533885956
0.6325811743736267,0.6325811743736267,0.456345796585083,0.456345796585083
0.6320316195487976,0.6320316195487976,0.45742499828338623,0.45742499828338623
0.6341351270675659,0.6341351270675659,0.4552038908004761,0.4552038908004761
0.6295621991157532,0.6295621991157532,0.4586886465549469,0.4586886465549469
0.6260975003242493,0.6260975003242493,0.4652186930179596,0.4652186930179596
0.6346874237060547,0.6346874237060547,0.46174609661102295,0.46174609661102295
0.639309823513031,0.639309823513031,0.4549703001976013,0.4549703001976013
0.6369275450706482,0.6369275450706482,0.46010538935661316,0.46010538935661316
0.6398554444313049,0.6398554444313049,0.45661216974258423,0.45661216974258423
0.6316623091697693,0.6316623091697693,0.46132656931877136,0.46132656931877136
0.6478272676467896,0.6478272676467896,0.45848357677459717,0.45848357677459717
0.6309413313865662,0.6309413313865662,0.46036261320114136,0.46036261320114136
0.6331759095191956,0.6331759095191956,0.45834439992904663,0.45834439992904663
0.6360155344009399,0.6360155344009399,0.4581649601459503,0.4581649601459503
0.6330665349960327,0.6330665349960327,0.4597591459751129,0.4597591459751129
0.6341179013252258,0.6341179013252258,0.4574986398220062,0.4574986398220062
0.6273300647735596,0.6273300647735596,0.4582322835922241,0.4582322835922241
0.6381569504737854,0.6381569504737854,0.4626061022281647,0.4626061022281647
0.6377959847450256,0.6377959847450256,0.45073187351226807,0.45073187351226807
0.6336321830749512,0.6336321830749512,0.45996618270874023,0.45996618270874023
0.6387022137641907,0.6387022137641907,0.4611266851425171,0.4611266851425171
0.6345349550247192,0.6345349550247192,0.4589877426624298,0.4589877426624298
0.6274862885475159,0.6274862885475159,0.4555334448814392,0.4555334448814392
0.6348658204078674,0.6348658204078674,0.46115878224372864,0.46115878224372864
0.6290280222892761,0.6290280222892761,0.45411261916160583,0.45411261916160583
0.6307862997055054,0.6307862997055054,0.467312753200531,0.467312753200531
0.6333644986152649,0.6333644986152649,0.4579930305480957,0.4579930305480957
0.6390758752822876,0.6390758752822876,0.4582469165325165,0.4582469165325165
0.6377881169319153,0.6377881169319153,0.4639601707458496,0.4639601707458496
0.6317723393440247,0.6317723393440247,0.46373414993286133,0.46373414993286133
0.6383486390113831,0.6383486390113831,0.45873376727104187,0.45873376727104187
0.6396528482437134,0.6396528482437134,0.4570287764072418,0.4570287764072418
0.6341835856437683,0.6341835856437683,0.45925769209861755,0.45925769209861755
0.6288782954216003,0.6288782954216003,0.45893487334251404,0.45893487334251404
0.631114661693573,0.631114661693573,0.45883384346961975,0.45883384346961975
0.6266973614692688,0.6266973614692688,0.45487505197525024,0.45487505197525024
0.6242518424987793,0.6242518424987793,0.46096450090408325,0.46096450090408325
0.6419268250465393,0.6419268250465393,0.44983139634132385,0.44983139634132385
0.6367881894111633,0.6367881894111633,0.46163415908813477,0.46163415908813477
0.6298978328704834,0.6298978328704834,0.455008864402771,0.455008864402771
0.629805326461792,0.629805326461792,0.4551447331905365,0.4551447331905365
0.6274340748786926,0.6274340748786926,0.4571177363395691,0.4571177363395691
0.6335048079490662,0.6335048079490662,0.4651128649711609,0.4651128649711609
0.6353229284286499,0.6353229284286499,0.4577941596508026,0.4577941596508026
0.6254621148109436,0.6254621148109436,0.4602213501930237,0.4602213501930237
0.631824254989624,0.631824254989624,0.462140291929245,0.462140291929245
0.6332727074623108,0.6332727074623108,0.4593508541584015,0.4593508541584015
0.6382933259010315,0.6382933259010315,0.45312124490737915,0.45312124490737915
0.6364808678627014,0.6364808678627014,0.4565395414829254,0.4565395414829254
0.6340963244438171,0.6340963244438171,0.45943257212638855,0.45943257212638855
0.63133305311203,0.63133305311203,0.45866501331329346,0.45866501331329346
0.625643253326416,0.625643253326416,0.45739614963531494,0.45739614963531494
0.6285600066184998,0.6285600066184998,0.4628605544567108,0.4628605544567108
0.6279171109199524,0.6279171109199524,0.4623032510280609,0.4623032510280609
0.6385071277618408,0.6385071277618408,0.47099366784095764,0.47099366784095764
0.6331467032432556,0.6331467032432556,0.45572981238365173,0.45572981238365173
0.6273062229156494,0.6273062229156494,0.46048104763031006,0.46048104763031006
0.6293938159942627,0.6293938159942627,0.4570131003856659,0.4570131003856659
0.6301668286323547,0.6301668286323547,0.46417704224586487,0.46417704224586487
0.6299127340316772,0.6299127340316772,0.45687007904052734,0.45687007904052734
0.6284664273262024,0.6284664273262024,0.4607142210006714,0.4607142210006714
0.6317557692527771,0.6317557692527771,0.4589841365814209,0.4589841365814209
0.6259524822235107,0.6259524822235107,0.4630323350429535,0.4630323350429535
0.6236536502838135,0.6236536502838135,0.4653454124927521,0.4653454124927521
0.6249111294746399,0.6249111294746399,0.45552363991737366,0.45552363991737366
0.6249866485595703,0.6249866485595703,0.45632049441337585,0.45632049441337585
0.6245459914207458,0.6245459914207458,0.46134424209594727,0.46134424209594727
0.6287053227424622,0.6287053227424622,0.4561461806297302,0.4561461806297302
0.6229533553123474,0.6229533553123474,0.4556088447570801,0.4556088447570801
0.6313949823379517,0.6313949823379517,0.4578419029712677,0.4578419029712677
0.6346662640571594,0.6346662640571594,0.46656540036201477,0.46656540036201477
0.6368877291679382,0.6368877291679382,0.4563964009284973,0.4563964009284973
0.6357768774032593,0.6357768774032593,0.46266570687294006,0.46266570687294006
0.6295371651649475,0.6295371651649475,0.4604274332523346,0.4604274332523346
0.6373905539512634,0.6373905539512634,0.4643518328666687,0.4643518328666687
0.6251654028892517,0.6251654028892517,0.46211540699005127,0.46211540699005127
0.6346398591995239,0.6346398591995239,0.4623364210128784,0.4623364210128784
0.6267414093017578,0.6267414093017578,0.46041327714920044,0.46041327714920044
0.6389390826225281,0.6389390826225281,0.4560697078704834,0.4560697078704834
0.6288645267486572,0.6288645267486572,0.45028582215309143,0.45028582215309143
0.6290993094444275,0.6290993094444275,0.4654816687107086,0.4654816687107086
0.6313076019287109,0.6313076019287109,0.45426082611083984,0.45426082611083984
0.6363193988800049,0.6363193988800049,0.45849624276161194,0.45849624276161194
0.634296178817749,0.634296178817749,0.4575316607952118,0.4575316607952118
0.6314677000045776,0.6314677000045776,0.45468589663505554,0.45468589663505554
0.6288176774978638,0.6288176774978638,0.46275752782821655,0.46275752782821655
0.6323651075363159,0.6323651075363159,0.4586358368396759,0.4586358368396759
0.629452109336853,0.629452109336853,0.4670751690864563,0.4670751690864563
0.6336528062820435,0.6336528062820435,0.45483526587486267,0.45483526587486267
0.6280887126922607,0.6280887126922607,0.4586826264858246,0.4586826264858246
0.6325440406799316,0.6325440406799316,0.4603138566017151,0.4603138566017151
0.6364076733589172,0.6364076733589172,0.46105268597602844,0.46105268597602844
0.6288971304893494,0.6288971304893494,0.46105697751045227,0.46105697751045227
0.6320663690567017,0.6320663690567017,0.4587763249874115,0.4587763249874115
0.6209918856620789,0.6209918856620789,0.45603305101394653,0.45603305101394653
0.6244742274284363,0.6244742274284363,0.46422818303108215,0.46422818303108215
0.6218002438545227,0.6218002438545227,0.4553791880607605,0.4553791880607605
0.6314023733139038,0.6314023733139038,0.4623299539089203,0.4623299539089203
0.6297286152839661,0.6297286152839661,0.46249914169311523,0.46249914169311523
0.6289913654327393,0.6289913654327393,0.457360178232193,0.457360178232193
0.6313440203666687,0.6313440203666687,0.45936116576194763,0.45936116576194763
0.6287103295326233,0.6287103295326233,0.45817404985427856,0.45817404985427856
0.6298706531524658,0.6298706531524658,0.460586816072464,0.460586816072464
0.6275206804275513,0.6275206804275513,0.45810404419898987,0.45810404419898987
0.6305567026138306,0.6305567026138306,0.46689289808273315,0.46689289808273315
0.6304240226745605,0.6304240226745605,0.4607795178890228,0.4607795178890228
0.6320634484291077,0.6320634484291077,0.4646570682525635,0.4646570682525635
0.6252334117889404,0.6252334117889404,0.47242796421051025,0.47242796421051025
0.6283674836158752,0.6283674836158752,0.46308737993240356,0.46308737993240356
0.638580322265625,0.638580322265625,0.45665422081947327,0.45665422081947327
0.633307158946991,0.633307158946991,0.45744815468788147,0.45744815468788147
